"vaccine","country_code","country","year","coverage"
"MCV1","BAR","baringo",2013,0.721040727039291
"MCV1","BAR","baringo",2014,0.767450913908223
"MCV1","BAR","baringo",2015,0.744423491722666
"MCV1","BAR","baringo",2016,0.740279018327465
"MCV1","BAR","baringo",2017,0.674539422614981
"MCV1","BAR","baringo",2018,0.783317678605002
"MCV1","BAR","baringo",2019,0.807902476940386
"MCV1","BAR","baringo",2020,0.824971158926811
"MCV1","BAR","baringo",2021,0.832607599213727
"MCV1","BAR","baringo",2022,0.847415697415823
"MCV1","BAR","baringo",2023,0.845991484957025
"MCV1","BAR","baringo",2028,0.895991484957025
"MCV1","BAR","baringo",2027,0.885991484957025
"MCV1","BAR","baringo",2025,0.865991484957025
"MCV1","BAR","baringo",2026,0.875991484957025
"MCV1","BAR","baringo",2029,0.905991484957025
"MCV1","BAR","baringo",2024,0.855991484957025
"MCV1","BAR","baringo",2030,0.915991484957025
"MCV1","BOM","bomet",2013,0.707477580264379
"MCV1","BOM","bomet",2017,0.661747952890509
"MCV1","BOM","bomet",2014,0.753013732896018
"MCV1","BOM","bomet",2021,0.816943759079371
"MCV1","BOM","bomet",2018,0.768582241926879
"MCV1","BOM","bomet",2016,0.726352683447715
"MCV1","BOM","bomet",2025,0.850078154286398
"MCV1","BOM","bomet",2019,0.792714755120133
"MCV1","BOM","bomet",2020,0.809450979682097
"MCV1","BOM","bomet",2028,0.880078154286398
"MCV1","BOM","bomet",2029,0.890078154286398
"MCV1","BOM","bomet",2027,0.870078154286398
"MCV1","BOM","bomet",2026,0.860078154286398
"MCV1","BOM","bomet",2023,0.830078154286398
"MCV1","BOM","bomet",2030,0.900078154286398
"MCV1","BOM","bomet",2015,0.730424042671124
"MCV1","BOM","bomet",2024,0.840078154286398
"MCV1","BOM","bomet",2022,0.831477655722847
"MCV1","BMA","bungoma",2021,0.835328816734274
"MCV1","BMA","bungoma",2014,0.76995932395262
"MCV1","BMA","bungoma",2025,0.86877804726365
"MCV1","BMA","bungoma",2022,0.850186884787478
"MCV1","BMA","bungoma",2015,0.746909712003759
"MCV1","BMA","bungoma",2016,0.742699297356354
"MCV1","BMA","bungoma",2019,0.810537832986843
"MCV1","BMA","bungoma",2029,0.90877804726365
"MCV1","BMA","bungoma",2023,0.84877804726365
"MCV1","BMA","bungoma",2020,0.82766739680574
"MCV1","BMA","bungoma",2030,0.91877804726365
"MCV1","BMA","bungoma",2027,0.88877804726365
"MCV1","BMA","bungoma",2026,0.87877804726365
"MCV1","BMA","bungoma",2028,0.89877804726365
"MCV1","BMA","bungoma",2024,0.85877804726365
"MCV1","BMA","bungoma",2017,0.676583283120855
"MCV1","BMA","bungoma",2018,0.785877490860428
"MCV1","BMA","bungoma",2013,0.723415876032549
"MCV1","BSA","busia",2018,0.789671537881831
"MCV1","BSA","busia",2019,0.814464124949002
"MCV1","BSA","busia",2029,0.912859265926739
"MCV1","BSA","busia",2017,0.679867807131711
"MCV1","BSA","busia",2026,0.882859265926739
"MCV1","BSA","busia",2024,0.862859265926739
"MCV1","BSA","busia",2023,0.852859265926739
"MCV1","BSA","busia",2025,0.872859265926739
"MCV1","BSA","busia",2022,0.854292320736805
"MCV1","BSA","busia",2028,0.902859265926739
"MCV1","BSA","busia",2015,0.750474391012971
"MCV1","BSA","busia",2027,0.892859265926739
"MCV1","BSA","busia",2016,0.746283980414342
"MCV1","BSA","busia",2030,0.922859265926739
"MCV1","BSA","busia",2021,0.839362042621153
"MCV1","BSA","busia",2020,0.831663648211909
"MCV1","BSA","busia",2014,0.773676161888576
"MCV1","BSA","busia",2013,0.726894262071149
"MCV1","ELM","elgeyo-marakwet",2015,0.663162713090517
"MCV1","ELM","elgeyo-marakwet",2029,0.813661929201993
"MCV1","ELM","elgeyo-marakwet",2025,0.773661929201993
"MCV1","ELM","elgeyo-marakwet",2013,0.642346871770677
"MCV1","ELM","elgeyo-marakwet",2027,0.793661929201993
"MCV1","ELM","elgeyo-marakwet",2014,0.68370650061264
"MCV1","ELM","elgeyo-marakwet",2026,0.783661929201993
"MCV1","ELM","elgeyo-marakwet",2016,0.65949873890687
"MCV1","ELM","elgeyo-marakwet",2021,0.741747760097547
"MCV1","ELM","elgeyo-marakwet",2024,0.763661929201993
"MCV1","ELM","elgeyo-marakwet",2028,0.803661929201993
"MCV1","ELM","elgeyo-marakwet",2030,0.823661929201993
"MCV1","ELM","elgeyo-marakwet",2020,0.734944663224141
"MCV1","ELM","elgeyo-marakwet",2022,0.7549479607985
"MCV1","ELM","elgeyo-marakwet",2023,0.753661929201993
"MCV1","ELM","elgeyo-marakwet",2017,0.600943610075936
"MCV1","ELM","elgeyo-marakwet",2018,0.697843206150921
"MCV1","ELM","elgeyo-marakwet",2019,0.719734702820644
"MCV1","MBU","embu",2029,0.950862182627032
"MCV1","MBU","embu",2016,0.779542719706529
"MCV1","MBU","embu",2028,0.940862182627032
"MCV1","MBU","embu",2025,0.910862182627032
"MCV1","MBU","embu",2024,0.900862182627032
"MCV1","MBU","embu",2017,0.710304691493969
"MCV1","MBU","embu",2013,0.759284655351052
"MCV1","MBU","embu",2014,0.808154100794771
"MCV1","MBU","embu",2027,0.930862182627032
"MCV1","MBU","embu",2026,0.920862182627032
"MCV1","MBU","embu",2018,0.82486164629315
"MCV1","MBU","embu",2030,0.960862182627032
"MCV1","MBU","embu",2015,0.783905003114065
"MCV1","MBU","embu",2020,0.868728740038821
"MCV1","MBU","embu",2023,0.890862182627032
"MCV1","MBU","embu",2022,0.892353566179366
"MCV1","MBU","embu",2019,0.850733740346808
"MCV1","MBU","embu",2021,0.876770222428029
"MCV1","GSA","garissa",2025,0.821999144094502
"MCV1","GSA","garissa",2026,0.831999144094502
"MCV1","GSA","garissa",2028,0.851999144094502
"MCV1","GSA","garissa",2014,0.727550402134844
"MCV1","GSA","garissa",2015,0.705702929088968
"MCV1","GSA","garissa",2016,0.701790831388098
"MCV1","GSA","garissa",2017,0.639478806999125
"MCV1","GSA","garissa",2018,0.742592373650807
"MCV1","GSA","garissa",2019,0.7658895025648
"MCV1","GSA","garissa",2029,0.861999144094502
"MCV1","GSA","garissa",2013,0.683545392067544
"MCV1","GSA","garissa",2030,0.871999144094502
"MCV1","GSA","garissa",2024,0.811999144094502
"MCV1","GSA","garissa",2021,0.789316886897623
"MCV1","GSA","garissa",2022,0.80335752120178
"MCV1","GSA","garissa",2027,0.841999144094502
"MCV1","GSA","garissa",2020,0.782077499423969
"MCV1","GSA","garissa",2023,0.801999144094502
"MCV1","HBA","homa bay",2024,0.831288017414481
"MCV1","HBA","homa bay",2017,0.6546915421369
"MCV1","HBA","homa bay",2019,0.784310455808588
"MCV1","HBA","homa bay",2020,0.800872367929547
"MCV1","HBA","homa bay",2021,0.808285746150725
"MCV1","HBA","homa bay",2018,0.760437147617345
"MCV1","HBA","homa bay",2013,0.699985660468452
"MCV1","HBA","homa bay",2014,0.745033496350401
"MCV1","HBA","homa bay",2026,0.851288017414481
"MCV1","HBA","homa bay",2016,0.718654808728579
"MCV1","HBA","homa bay",2030,0.891288017414481
"MCV1","HBA","homa bay",2025,0.841288017414481
"MCV1","HBA","homa bay",2027,0.861288017414481
"MCV1","HBA","homa bay",2029,0.881288017414481
"MCV1","HBA","homa bay",2023,0.821288017414481
"MCV1","HBA","homa bay",2028,0.871288017414481
"MCV1","HBA","homa bay",2015,0.722700227072559
"MCV1","HBA","homa bay",2022,0.82266903853884
"MCV1","ISO","isiolo",2022,0.976581478094346
"MCV1","ISO","isiolo",2023,0.974962143790348
"MCV1","ISO","isiolo",2017,0.777305928456206
"MCV1","ISO","isiolo",2014,0.884441221844892
"MCV1","ISO","isiolo",2016,0.853129883100468
"MCV1","ISO","isiolo",2021,0.95953992682274
"MCV1","ISO","isiolo",2018,0.902725393915928
"MCV1","ISO","isiolo",2027,0.99
"MCV1","ISO","isiolo",2020,0.950739310280508
"MCV1","ISO","isiolo",2029,0.99
"MCV1","ISO","isiolo",2030,0.99
"MCV1","ISO","isiolo",2024,0.984962143790348
"MCV1","ISO","isiolo",2015,0.857909186415624
"MCV1","ISO","isiolo",2028,0.99
"MCV1","ISO","isiolo",2026,0.99
"MCV1","ISO","isiolo",2013,0.830916473205504
"MCV1","ISO","isiolo",2025,0.99
"MCV1","ISO","isiolo",2019,0.931018622977954
"MCV1","KJD","kajiado",2013,0.749021176708254
"MCV1","KJD","kajiado",2030,0.94882019692487
"MCV1","KJD","kajiado",2024,0.88882019692487
"MCV1","KJD","kajiado",2014,0.797218430344967
"MCV1","KJD","kajiado",2018,0.813700171884184
"MCV1","KJD","kajiado",2019,0.839242440938553
"MCV1","KJD","kajiado",2028,0.92882019692487
"MCV1","KJD","kajiado",2026,0.90882019692487
"MCV1","KJD","kajiado",2017,0.700549760285575
"MCV1","KJD","kajiado",2029,0.93882019692487
"MCV1","KJD","kajiado",2021,0.864905095572698
"MCV1","KJD","kajiado",2027,0.91882019692487
"MCV1","KJD","kajiado",2023,0.87882019692487
"MCV1","KJD","kajiado",2016,0.768993206033786
"MCV1","KJD","kajiado",2022,0.880287687716453
"MCV1","KJD","kajiado",2025,0.89882019692487
"MCV1","KJD","kajiado",2020,0.856972422054375
"MCV1","KJD","kajiado",2015,0.773330473756163
"MCV1","KKM","kakamega",2016,0.743116747532444
"MCV1","KKM","kakamega",2030,0.919255811695749
"MCV1","KKM","kakamega",2015,0.747332910659245
"MCV1","KKM","kakamega",2022,0.850662714877559
"MCV1","KKM","kakamega",2028,0.89925581169575
"MCV1","KKM","kakamega",2021,0.835797289169848
"MCV1","KKM","kakamega",2014,0.770392128317806
"MCV1","KKM","kakamega",2029,0.909255811695749
"MCV1","KKM","kakamega",2025,0.86925581169575
"MCV1","KKM","kakamega",2020,0.828131570816975
"MCV1","KKM","kakamega",2026,0.87925581169575
"MCV1","KKM","kakamega",2024,0.85925581169575
"MCV1","KKM","kakamega",2023,0.84925581169575
"MCV1","KKM","kakamega",2027,0.88925581169575
"MCV1","KKM","kakamega",2017,0.67696089375306
"MCV1","KKM","kakamega",2013,0.723823091453042
"MCV1","KKM","kakamega",2018,0.786319262688407
"MCV1","KKM","kakamega",2019,0.810953987475482
"MCV1","KCH","kericho",2030,0.886239231654558
"MCV1","KCH","kericho",2028,0.866239231654558
"MCV1","KCH","kericho",2017,0.650712127723762
"MCV1","KCH","kericho",2024,0.826239231654558
"MCV1","KCH","kericho",2018,0.755770155372533
"MCV1","KCH","kericho",2023,0.816239231654558
"MCV1","KCH","kericho",2026,0.846239231654558
"MCV1","KCH","kericho",2013,0.695682464980775
"MCV1","KCH","kericho",2025,0.836239231654558
"MCV1","KCH","kericho",2027,0.856239231654558
"MCV1","KCH","kericho",2019,0.779501168411296
"MCV1","KCH","kericho",2016,0.71424409735595
"MCV1","KCH","kericho",2020,0.795956466837989
"MCV1","KCH","kericho",2021,0.803324333118795
"MCV1","KCH","kericho",2014,0.740460974133343
"MCV1","KCH","kericho",2029,0.876239231654558
"MCV1","KCH","kericho",2022,0.817617956553056
"MCV1","KCH","kericho",2015,0.718245451455193
"MCV1","KIA","kiambu",2021,0.963055417480047
"MCV1","KIA","kiambu",2030,0.99
"MCV1","KIA","kiambu",2014,0.887691849188493
"MCV1","KIA","kiambu",2015,0.861666636783703
"MCV1","KIA","kiambu",2025,0.99
"MCV1","KIA","kiambu",2022,0.980103927410996
"MCV1","KIA","kiambu",2020,0.954222799237784
"MCV1","KIA","kiambu",2028,0.99
"MCV1","KIA","kiambu",2026,0.99
"MCV1","KIA","kiambu",2027,0.99
"MCV1","KIA","kiambu",2013,0.83427873991191
"MCV1","KIA","kiambu",2029,0.99
"MCV1","KIA","kiambu",2019,0.934083197468225
"MCV1","KIA","kiambu",2016,0.856265531017054
"MCV1","KIA","kiambu",2017,0.779441945653482
"MCV1","KIA","kiambu",2018,0.906042511556427
"MCV1","KIA","kiambu",2024,0.988583266015743
"MCV1","KIA","kiambu",2023,0.978583266015743
"MCV1","KIF","kilifi",2017,0.629654474382234
"MCV1","KIF","kilifi",2028,0.83989724694847
"MCV1","KIF","kilifi",2013,0.67323089719791
"MCV1","KIF","kilifi",2014,0.716552137062766
"MCV1","KIF","kilifi",2015,0.695088882037044
"MCV1","KIF","kilifi",2016,0.691181867863364
"MCV1","KIF","kilifi",2027,0.82989724694847
"MCV1","KIF","kilifi",2029,0.84989724694847
"MCV1","KIF","kilifi",2018,0.731367398134258
"MCV1","KIF","kilifi",2019,0.754325238444989
"MCV1","KIF","kilifi",2020,0.770254608632097
"MCV1","KIF","kilifi",2021,0.77738457942595
"MCV1","KIF","kilifi",2022,0.79122050938779
"MCV1","KIF","kilifi",2024,0.79989724694847
"MCV1","KIF","kilifi",2030,0.85989724694847
"MCV1","KIF","kilifi",2026,0.81989724694847
"MCV1","KIF","kilifi",2025,0.80989724694847
"MCV1","KIF","kilifi",2023,0.78989724694847
"MCV1","KGA","kirinyaga",2014,0.893868778522784
"MCV1","KGA","kirinyaga",2015,0.8670678586115
"MCV1","KGA","kirinyaga",2030,0.99
"MCV1","KGA","kirinyaga",2025,0.99
"MCV1","KGA","kirinyaga",2020,0.960873964859467
"MCV1","KGA","kirinyaga",2016,0.862224300146014
"MCV1","KGA","kirinyaga",2013,0.839826919445116
"MCV1","KGA","kirinyaga",2023,0.985360458648621
"MCV1","KGA","kirinyaga",2027,0.99
"MCV1","KGA","kirinyaga",2021,0.96976839874364
"MCV1","KGA","kirinyaga",2022,0.986993280418132
"MCV1","KGA","kirinyaga",2017,0.785629293683461
"MCV1","KGA","kirinyaga",2024,0.99
"MCV1","KGA","kirinyaga",2018,0.912346951469339
"MCV1","KGA","kirinyaga",2026,0.99
"MCV1","KGA","kirinyaga",2029,0.99
"MCV1","KGA","kirinyaga",2019,0.940961203761609
"MCV1","KGA","kirinyaga",2028,0.99
"MCV1","KIS","kisii",2013,0.693966811033595
"MCV1","KIS","kisii",2020,0.793987362769931
"MCV1","KIS","kisii",2019,0.777569379130188
"MCV1","KIS","kisii",2025,0.834226254247698
"MCV1","KIS","kisii",2021,0.80133700830402
"MCV1","KIS","kisii",2018,0.753900364784575
"MCV1","KIS","kisii",2029,0.874226254247698
"MCV1","KIS","kisii",2024,0.824226254247698
"MCV1","KIS","kisii",2030,0.884226254247698
"MCV1","KIS","kisii",2023,0.814226254247698
"MCV1","KIS","kisii",2026,0.844226254247698
"MCV1","KIS","kisii",2017,0.649064532943613
"MCV1","KIS","kisii",2027,0.854226254247698
"MCV1","KIS","kisii",2014,0.738629024540403
"MCV1","KIS","kisii",2028,0.864226254247698
"MCV1","KIS","kisii",2022,0.815597888259697
"MCV1","KIS","kisii",2015,0.716484063612813
"MCV1","KIS","kisii",2016,0.712476957775625
"MCV1","KSU","kisumu",2023,0.890381807200842
"MCV1","KSU","kisumu",2016,0.779109275994508
"MCV1","KSU","kisumu",2014,0.8077055824708
"MCV1","KSU","kisumu",2015,0.783504880149044
"MCV1","KSU","kisumu",2030,0.960381807200842
"MCV1","KSU","kisumu",2013,0.758875305172203
"MCV1","KSU","kisumu",2029,0.950381807200842
"MCV1","KSU","kisumu",2022,0.891866829224987
"MCV1","KSU","kisumu",2025,0.910381807200842
"MCV1","KSU","kisumu",2017,0.709765614143459
"MCV1","KSU","kisumu",2028,0.940381807200842
"MCV1","KSU","kisumu",2021,0.876283387798447
"MCV1","KSU","kisumu",2024,0.900381807200842
"MCV1","KSU","kisumu",2027,0.930381807200842
"MCV1","KSU","kisumu",2018,0.824403978327348
"MCV1","KSU","kisumu",2026,0.920381807200842
"MCV1","KSU","kisumu",2020,0.868246356201041
"MCV1","KSU","kisumu",2019,0.850281710855886
"MCV1","KTU","kitui",2018,0.746161632515218
"MCV1","KTU","kitui",2023,0.805863292865058
"MCV1","KTU","kitui",2019,0.769590175855191
"MCV1","KTU","kitui",2029,0.865863292865058
"MCV1","KTU","kitui",2017,0.642405488048454
"MCV1","KTU","kitui",2025,0.825863292865058
"MCV1","KTU","kitui",2013,0.686838915658476
"MCV1","KTU","kitui",2030,0.875863292865058
"MCV1","KTU","kitui",2026,0.835863292865058
"MCV1","KTU","kitui",2015,0.709118403573369
"MCV1","KTU","kitui",2027,0.845863292865058
"MCV1","KTU","kitui",2024,0.815863292865058
"MCV1","KTU","kitui",2014,0.731046934069993
"MCV1","KTU","kitui",2028,0.855863292865058
"MCV1","KTU","kitui",2016,0.705163163058603
"MCV1","KTU","kitui",2021,0.793110455284176
"MCV1","KTU","kitui",2020,0.785836264947216
"MCV1","KTU","kitui",2022,0.8072253563484
"MCV1","KLE","kwale",2027,0.838055861522063
"MCV1","KLE","kwale",2014,0.723963716300715
"MCV1","KLE","kwale",2015,0.702249994839622
"MCV1","KLE","kwale",2029,0.858055861522063
"MCV1","KLE","kwale",2030,0.868055861522063
"MCV1","KLE","kwale",2025,0.818055861522063
"MCV1","KLE","kwale",2018,0.738932083574861
"MCV1","KLE","kwale",2024,0.808055861522063
"MCV1","KLE","kwale",2013,0.680184536526598
"MCV1","KLE","kwale",2016,0.698330578280641
"MCV1","KLE","kwale",2017,0.63617948446633
"MCV1","KLE","kwale",2019,0.762133286056258
"MCV1","KLE","kwale",2026,0.828055861522063
"MCV1","KLE","kwale",2020,0.778221703832054
"MCV1","KLE","kwale",2021,0.785425410812516
"MCV1","KLE","kwale",2022,0.799405579436686
"MCV1","KLE","kwale",2028,0.848055861522063
"MCV1","KLE","kwale",2023,0.798055861522063
"MCV1","LKP","laikipia",2018,0.831395925779561
"MCV1","LKP","laikipia",2017,0.715940717836222
"MCV1","LKP","laikipia",2025,0.917921661319166
"MCV1","LKP","laikipia",2019,0.857477534376449
"MCV1","LKP","laikipia",2026,0.927921661319166
"MCV1","LKP","laikipia",2028,0.947921661319166
"MCV1","LKP","laikipia",2027,0.937921661319166
"MCV1","LKP","laikipia",2024,0.907921661319166
"MCV1","LKP","laikipia",2020,0.875611223231024
"MCV1","LKP","laikipia",2021,0.883716415266811
"MCV1","LKP","laikipia",2016,0.785718295012866
"MCV1","LKP","laikipia",2030,0.967921661319166
"MCV1","LKP","laikipia",2013,0.765301559397914
"MCV1","LKP","laikipia",2014,0.814556799878263
"MCV1","LKP","laikipia",2022,0.899423607557484
"MCV1","LKP","laikipia",2023,0.897921661319166
"MCV1","LKP","laikipia",2015,0.790119632984797
"MCV1","LKP","laikipia",2029,0.957921661319166
"MCV1","LMU","lamu",2013,0.695550361190689
"MCV1","LMU","lamu",2014,0.740370125568216
"MCV1","LMU","lamu",2021,0.803225781902431
"MCV1","LMU","lamu",2022,0.817507926221307
"MCV1","LMU","lamu",2023,0.816043741940278
"MCV1","LMU","lamu",2020,0.795858834172038
"MCV1","LMU","lamu",2016,0.714155588869766
"MCV1","LMU","lamu",2017,0.650675871876325
"MCV1","LMU","lamu",2018,0.755677706929712
"MCV1","LMU","lamu",2019,0.779353295012245
"MCV1","LMU","lamu",2028,0.866043741940278
"MCV1","LMU","lamu",2025,0.836043741940278
"MCV1","LMU","lamu",2024,0.826043741940278
"MCV1","LMU","lamu",2030,0.886043741940278
"MCV1","LMU","lamu",2015,0.71795412403716
"MCV1","LMU","lamu",2027,0.856043741940278
"MCV1","LMU","lamu",2026,0.846043741940278
"MCV1","LMU","lamu",2029,0.876043741940278
"MCV1","MCH","machakos",2015,0.839024108400917
"MCV1","MCH","machakos",2014,0.864926424534416
"MCV1","MCH","machakos",2028,0.99
"MCV1","MCH","machakos",2016,0.834305385946902
"MCV1","MCH","machakos",2030,0.99
"MCV1","MCH","machakos",2021,0.938366628847567
"MCV1","MCH","machakos",2025,0.973467208293073
"MCV1","MCH","machakos",2013,0.81264392021401
"MCV1","MCH","machakos",2020,0.929760187576142
"MCV1","MCH","machakos",2026,0.983467208293073
"MCV1","MCH","machakos",2022,0.955045519772528
"MCV1","MCH","machakos",2019,0.910514036903362
"MCV1","MCH","machakos",2024,0.963467208293073
"MCV1","MCH","machakos",2017,0.760047951179904
"MCV1","MCH","machakos",2018,0.882806948685193
"MCV1","MCH","machakos",2027,0.99
"MCV1","MCH","machakos",2023,0.953467208293073
"MCV1","MCH","machakos",2029,0.99
"MCV1","MKU","makueni",2017,0.781247862056951
"MCV1","MKU","makueni",2016,0.857460440467608
"MCV1","MKU","makueni",2030,0.99
"MCV1","MKU","makueni",2018,0.907307268126685
"MCV1","MKU","makueni",2024,0.989921182121029
"MCV1","MKU","makueni",2023,0.979921182121029
"MCV1","MKU","makueni",2028,0.99
"MCV1","MKU","makueni",2022,0.981545741784552
"MCV1","MKU","makueni",2026,0.99
"MCV1","MKU","makueni",2015,0.86228921965013
"MCV1","MKU","makueni",2013,0.835190973634144
"MCV1","MKU","makueni",2025,0.99
"MCV1","MKU","makueni",2027,0.99
"MCV1","MKU","makueni",2029,0.99
"MCV1","MKU","makueni",2014,0.888930843917004
"MCV1","MKU","makueni",2020,0.955565081514944
"MCV1","MKU","makueni",2021,0.964410378407204
"MCV1","MKU","makueni",2019,0.935781540314143
"MCV1","MDR","mandera",2020,0.825777924590205
"MCV1","MDR","mandera",2021,0.833421834631226
"MCV1","MDR","mandera",2024,0.856820684660322
"MCV1","MDR","mandera",2030,0.916820684660322
"MCV1","MDR","mandera",2019,0.808699079601301
"MCV1","MDR","mandera",2018,0.784083568945447
"MCV1","MDR","mandera",2014,0.768201300460443
"MCV1","MDR","mandera",2013,0.721747476422823
"MCV1","MDR","mandera",2029,0.906820684660322
"MCV1","MDR","mandera",2028,0.896820684660322
"MCV1","MDR","mandera",2017,0.675137457694256
"MCV1","MDR","mandera",2027,0.886820684660322
"MCV1","MDR","mandera",2025,0.866820684660322
"MCV1","MDR","mandera",2026,0.876820684660322
"MCV1","MDR","mandera",2016,0.741002849227948
"MCV1","MDR","mandera",2022,0.848245794914379
"MCV1","MDR","mandera",2023,0.846820684660322
"MCV1","MDR","mandera",2015,0.745156119867735
"MCV1","MRS","marsabit",2023,0.71834583488874
"MCV1","MRS","marsabit",2026,0.74834583488874
"MCV1","MRS","marsabit",2016,0.628599405754972
"MCV1","MRS","marsabit",2025,0.73834583488874
"MCV1","MRS","marsabit",2022,0.719579009708701
"MCV1","MRS","marsabit",2024,0.72834583488874
"MCV1","MRS","marsabit",2030,0.78834583488874
"MCV1","MRS","marsabit",2015,0.632081880983944
"MCV1","MRS","marsabit",2027,0.75834583488874
"MCV1","MRS","marsabit",2021,0.706992930374732
"MCV1","MRS","marsabit",2020,0.70050859507288
"MCV1","MRS","marsabit",2013,0.612246443868286
"MCV1","MRS","marsabit",2014,0.65167334883462
"MCV1","MRS","marsabit",2029,0.77834583488874
"MCV1","MRS","marsabit",2019,0.686012782602001
"MCV1","MRS","marsabit",2028,0.76834583488874
"MCV1","MRS","marsabit",2017,0.572788439191448
"MCV1","MRS","marsabit",2018,0.665148697880372
"MCV1","MRU","meru",2026,0.833003952959445
"MCV1","MRU","meru",2030,0.873003952959444
"MCV1","MRU","meru",2025,0.823003952959445
"MCV1","MRU","meru",2018,0.74350725332066
"MCV1","MRU","meru",2017,0.640112590385355
"MCV1","MRU","meru",2024,0.813003952959444
"MCV1","MRU","meru",2023,0.803003952959444
"MCV1","MRU","meru",2027,0.843003952959445
"MCV1","MRU","meru",2029,0.863003952959444
"MCV1","MRU","meru",2016,0.702654513029522
"MCV1","MRU","meru",2028,0.853003952959445
"MCV1","MRU","meru",2014,0.728446275764418
"MCV1","MRU","meru",2015,0.706613870394476
"MCV1","MRU","meru",2020,0.783040828167972
"MCV1","MRU","meru",2013,0.684401900609506
"MCV1","MRU","meru",2022,0.804354197241723
"MCV1","MRU","meru",2019,0.766848645493497
"MCV1","MRU","meru",2021,0.790289149807157
"MCV1","MIG","migori",2025,0.930410701390165
"MCV1","MIG","migori",2024,0.920410701390165
"MCV1","MIG","migori",2030,0.980410701390165
"MCV1","MIG","migori",2026,0.940410701390165
"MCV1","MIG","migori",2021,0.895992548078802
"MCV1","MIG","migori",2027,0.950410701390165
"MCV1","MIG","migori",2028,0.960410701390165
"MCV1","MIG","migori",2013,0.775946235170872
"MCV1","MIG","migori",2014,0.825871041371597
"MCV1","MIG","migori",2015,0.801134106557022
"MCV1","MIG","migori",2016,0.796631955707575
"MCV1","MIG","migori",2017,0.725726757137878
"MCV1","MIG","migori",2018,0.84294471968784
"MCV1","MIG","migori",2019,0.869402357657039
"MCV1","MIG","migori",2020,0.887774748133753
"MCV1","MIG","migori",2029,0.970410701390165
"MCV1","MIG","migori",2022,0.911923390568543
"MCV1","MIG","migori",2023,0.910410701390165
"MCV1","MSA","mombasa",2013,0.709675776788081
"MCV1","MSA","mombasa",2014,0.75534422229626
"MCV1","MSA","mombasa",2015,0.73270838656792
"MCV1","MSA","mombasa",2018,0.770960884722364
"MCV1","MSA","mombasa",2019,0.79516296373974
"MCV1","MSA","mombasa",2020,0.811956727679672
"MCV1","MSA","mombasa",2021,0.819472711152415
"MCV1","MSA","mombasa",2022,0.834053023967913
"MCV1","MSA","mombasa",2023,0.832657183191207
"MCV1","MSA","mombasa",2029,0.892657183191207
"MCV1","MSA","mombasa",2025,0.852657183191207
"MCV1","MSA","mombasa",2026,0.862657183191207
"MCV1","MSA","mombasa",2027,0.872657183191207
"MCV1","MSA","mombasa",2017,0.663750369937474
"MCV1","MSA","mombasa",2024,0.842657183191207
"MCV1","MSA","mombasa",2028,0.882657183191207
"MCV1","MSA","mombasa",2016,0.728600691386551
"MCV1","MSA","mombasa",2030,0.902657183191207
"MCV1","MGA","murang'a",2013,0.74235791538199
"MCV1","MGA","murang'a",2018,0.806468047561252
"MCV1","MGA","murang'a",2015,0.766441460731626
"MCV1","MGA","murang'a",2023,0.871002392410326
"MCV1","MGA","murang'a",2017,0.694328882650891
"MCV1","MGA","murang'a",2019,0.831786769649021
"MCV1","MGA","murang'a",2022,0.872462504664489
"MCV1","MGA","murang'a",2016,0.762158207270539
"MCV1","MGA","murang'a",2026,0.901002392410326
"MCV1","MGA","murang'a",2029,0.931002392410326
"MCV1","MGA","murang'a",2014,0.790132695234589
"MCV1","MGA","murang'a",2030,0.941002392410326
"MCV1","MGA","murang'a",2025,0.891002392410326
"MCV1","MGA","murang'a",2027,0.911002392410326
"MCV1","MGA","murang'a",2020,0.849354830200443
"MCV1","MGA","murang'a",2024,0.881002392410326
"MCV1","MGA","murang'a",2021,0.857216984984202
"MCV1","MGA","murang'a",2028,0.921002392410326
"MCV1","NBO","nairobi",2014,0.790412080805184
"MCV1","NBO","nairobi",2019,0.830567446688012
"MCV1","NBO","nairobi",2020,0.849642523722306
"MCV1","NBO","nairobi",2026,0.903151261307483
"MCV1","NBO","nairobi",2018,0.806753776227352
"MCV1","NBO","nairobi",2015,0.771202073429597
"MCV1","NBO","nairobi",2013,0.744317362014648
"MCV1","NBO","nairobi",2030,0.943151261307483
"MCV1","NBO","nairobi",2025,0.893151261307483
"MCV1","NBO","nairobi",2029,0.933151261307483
"MCV1","NBO","nairobi",2021,0.857506772174548
"MCV1","NBO","nairobi",2024,0.883151261307483
"MCV1","NBO","nairobi",2028,0.923151261307483
"MCV1","NBO","nairobi",2016,0.762426836668525
"MCV1","NBO","nairobi",2027,0.913151261307483
"MCV1","NBO","nairobi",2022,0.872461813940213
"MCV1","NBO","nairobi",2023,0.873151261307483
"MCV1","NBO","nairobi",2017,0.691280397705623
"MCV1","NKU","nakuru",2016,0.769170782256915
"MCV1","NKU","nakuru",2023,0.879037390205705
"MCV1","NKU","nakuru",2015,0.773709699726042
"MCV1","NKU","nakuru",2026,0.909037390205705
"MCV1","NKU","nakuru",2017,0.700342202409491
"MCV1","NKU","nakuru",2018,0.813887440240115
"MCV1","NKU","nakuru",2027,0.919037390205705
"MCV1","NKU","nakuru",2030,0.949037390205705
"MCV1","NKU","nakuru",2025,0.899037390205705
"MCV1","NKU","nakuru",2022,0.880434154398481
"MCV1","NKU","nakuru",2024,0.889037390205705
"MCV1","NKU","nakuru",2029,0.939037390205705
"MCV1","NKU","nakuru",2014,0.797402143456426
"MCV1","NKU","nakuru",2020,0.85716118815747
"MCV1","NKU","nakuru",2021,0.865095632805612
"MCV1","NKU","nakuru",2028,0.929037390205705
"MCV1","NKU","nakuru",2013,0.749306162427307
"MCV1","NKU","nakuru",2019,0.839142147742128
"MCV1","NDI","nandi",2020,0.813981134602748
"MCV1","NDI","nandi",2013,0.711437224341009
"MCV1","NDI","nandi",2019,0.797150613690478
"MCV1","NDI","nandi",2030,0.90472390875941
"MCV1","NDI","nandi",2026,0.86472390875941
"MCV1","NDI","nandi",2021,0.821515847747726
"MCV1","NDI","nandi",2027,0.87472390875941
"MCV1","NDI","nandi",2018,0.772883304799431
"MCV1","NDI","nandi",2025,0.85472390875941
"MCV1","NDI","nandi",2017,0.665453387962334
"MCV1","NDI","nandi",2029,0.89472390875941
"MCV1","NDI","nandi",2028,0.88472390875941
"MCV1","NDI","nandi",2023,0.83472390875941
"MCV1","NDI","nandi",2024,0.84472390875941
"MCV1","NDI","nandi",2022,0.836130393418043
"MCV1","NDI","nandi",2016,0.730417578776262
"MCV1","NDI","nandi",2014,0.757227738525931
"MCV1","NDI","nandi",2015,0.734512388901068
"MCV1","ROK","narok",2030,0.861099811059732
"MCV1","ROK","narok",2016,0.692237831708961
"MCV1","ROK","narok",2024,0.801099811059732
"MCV1","ROK","narok",2023,0.791099811059732
"MCV1","ROK","narok",2013,0.674255833040199
"MCV1","ROK","narok",2026,0.821099811059732
"MCV1","ROK","narok",2017,0.630621879785473
"MCV1","ROK","narok",2015,0.696139591553833
"MCV1","ROK","narok",2027,0.831099811059732
"MCV1","ROK","narok",2014,0.717647487133362
"MCV1","ROK","narok",2025,0.811099811059732
"MCV1","ROK","narok",2029,0.851099811059732
"MCV1","ROK","narok",2028,0.841099811059732
"MCV1","ROK","narok",2022,0.792430789160437
"MCV1","ROK","narok",2018,0.732485373087538
"MCV1","ROK","narok",2019,0.755480806125089
"MCV1","ROK","narok",2020,0.77143192162503
"MCV1","ROK","narok",2021,0.778572785482399
"MCV1","NYA","nyamira",2013,0.817247938718805
"MCV1","NYA","nyamira",2030,0.99
"MCV1","NYA","nyamira",2014,0.869839889187442
"MCV1","NYA","nyamira",2015,0.843753874554669
"MCV1","NYA","nyamira",2016,0.839045797638226
"MCV1","NYA","nyamira",2017,0.764511401663399
"MCV1","NYA","nyamira",2018,0.887821815541856
"MCV1","NYA","nyamira",2029,0.99
"MCV1","NYA","nyamira",2028,0.99
"MCV1","NYA","nyamira",2019,0.915666453514653
"MCV1","NYA","nyamira",2026,0.988869092198011
"MCV1","NYA","nyamira",2021,0.943697787235405
"MCV1","NYA","nyamira",2025,0.978869092198011
"MCV1","NYA","nyamira",2023,0.958869092198011
"MCV1","NYA","nyamira",2020,0.935042465437772
"MCV1","NYA","nyamira",2024,0.968869092198011
"MCV1","NYA","nyamira",2022,0.960462264219846
"MCV1","NYA","nyamira",2027,0.99
"MCV1","NDR","nyandarua",2015,0.776254648014075
"MCV1","NDR","nyandarua",2019,0.842435438491873
"MCV1","NDR","nyandarua",2017,0.703386748617321
"MCV1","NDR","nyandarua",2018,0.816808543900791
"MCV1","NDR","nyandarua",2013,0.75187236361384
"MCV1","NDR","nyandarua",2030,0.952165508256452
"MCV1","NDR","nyandarua",2016,0.771931723828614
"MCV1","NDR","nyandarua",2026,0.912165508256451
"MCV1","NDR","nyandarua",2022,0.883643869791159
"MCV1","NDR","nyandarua",2020,0.860246690380631
"MCV1","NDR","nyandarua",2027,0.922165508256451
"MCV1","NDR","nyandarua",2021,0.868209659820037
"MCV1","NDR","nyandarua",2028,0.932165508256452
"MCV1","NDR","nyandarua",2014,0.800264714667424
"MCV1","NDR","nyandarua",2024,0.892165508256451
"MCV1","NDR","nyandarua",2023,0.882165508256451
"MCV1","NDR","nyandarua",2029,0.942165508256452
"MCV1","NDR","nyandarua",2025,0.902165508256451
"MCV1","YRI","nyeri",2021,0.816068391987081
"MCV1","YRI","nyeri",2020,0.80858364568246
"MCV1","YRI","nyeri",2016,0.725574616653584
"MCV1","YRI","nyeri",2015,0.72963020745685
"MCV1","YRI","nyeri",2030,0.899184179362834
"MCV1","YRI","nyeri",2022,0.830583239492352
"MCV1","YRI","nyeri",2027,0.869184179362834
"MCV1","YRI","nyeri",2023,0.829184179362834
"MCV1","YRI","nyeri",2026,0.859184179362834
"MCV1","YRI","nyeri",2014,0.752207115521668
"MCV1","YRI","nyeri",2013,0.706715607003806
"MCV1","YRI","nyeri",2019,0.791851279571371
"MCV1","YRI","nyeri",2024,0.839184179362834
"MCV1","YRI","nyeri",2028,0.879184179362834
"MCV1","YRI","nyeri",2018,0.767758558125503
"MCV1","YRI","nyeri",2029,0.889184179362834
"MCV1","YRI","nyeri",2017,0.661162496913291
"MCV1","YRI","nyeri",2025,0.849184179362834
"MCV1","SMB","samburu",2030,0.768000569490038
"MCV1","SMB","samburu",2026,0.728000569490038
"MCV1","SMB","samburu",2016,0.61079926811264
"MCV1","SMB","samburu",2023,0.698000569490038
"MCV1","SMB","samburu",2018,0.646314782554213
"MCV1","SMB","samburu",2015,0.614174876237509
"MCV1","SMB","samburu",2027,0.738000569490038
"MCV1","SMB","samburu",2017,0.556561091768282
"MCV1","SMB","samburu",2021,0.686972020889514
"MCV1","SMB","samburu",2024,0.708000569490038
"MCV1","SMB","samburu",2025,0.718000569490038
"MCV1","SMB","samburu",2022,0.699203819298803
"MCV1","SMB","samburu",2028,0.748000569490038
"MCV1","SMB","samburu",2019,0.66658287776157
"MCV1","SMB","samburu",2020,0.680671312799311
"MCV1","SMB","samburu",2029,0.758000569490038
"MCV1","SMB","samburu",2014,0.63322041210646
"MCV1","SMB","samburu",2013,0.594905868352811
"MCV1","SIA","siaya",2013,0.807466360536863
"MCV1","SIA","siaya",2014,0.859420799988194
"MCV1","SIA","siaya",2020,0.923841299863782
"MCV1","SIA","siaya",2021,0.932392947681783
"MCV1","SIA","siaya",2028,0.99
"MCV1","SIA","siaya",2019,0.90472108889968
"MCV1","SIA","siaya",2029,0.99
"MCV1","SIA","siaya",2030,0.99
"MCV1","SIA","siaya",2015,0.833670786000137
"MCV1","SIA","siaya",2026,0.977392534387965
"MCV1","SIA","siaya",2016,0.828994584271797
"MCV1","SIA","siaya",2027,0.987392534387965
"MCV1","SIA","siaya",2018,0.877187579364829
"MCV1","SIA","siaya",2024,0.957392534387965
"MCV1","SIA","siaya",2023,0.947392534387965
"MCV1","SIA","siaya",2025,0.967392534387965
"MCV1","SIA","siaya",2022,0.948966222698401
"MCV1","SIA","siaya",2017,0.755214544597238
"MCV1","TTA","taita taveta",2030,0.964999596897918
"MCV1","TTA","taita taveta",2016,0.78316544963987
"MCV1","TTA","taita taveta",2023,0.894999596897918
"MCV1","TTA","taita taveta",2028,0.944999596897918
"MCV1","TTA","taita taveta",2015,0.787540550561077
"MCV1","TTA","taita taveta",2026,0.924999596897918
"MCV1","TTA","taita taveta",2022,0.89649845845292
"MCV1","TTA","taita taveta",2027,0.934999596897918
"MCV1","TTA","taita taveta",2029,0.954999596897918
"MCV1","TTA","taita taveta",2014,0.811909856182921
"MCV1","TTA","taita taveta",2018,0.828695691259179
"MCV1","TTA","taita taveta",2025,0.914999596897918
"MCV1","TTA","taita taveta",2024,0.904999596897918
"MCV1","TTA","taita taveta",2013,0.762811014215204
"MCV1","TTA","taita taveta",2019,0.854673844435829
"MCV1","TTA","taita taveta",2021,0.880845423804281
"MCV1","TTA","taita taveta",2017,0.713577325656221
"MCV1","TTA","taita taveta",2020,0.872766568406612
"MCV1","TRI","tana river",2024,0.791545633723588
"MCV1","TRI","tana river",2013,0.666112551970187
"MCV1","TRI","tana river",2020,0.762135671226046
"MCV1","TRI","tana river",2027,0.821545633723588
"MCV1","TRI","tana river",2019,0.746353351352961
"MCV1","TRI","tana river",2028,0.831545633723588
"MCV1","TRI","tana river",2030,0.851545633723588
"MCV1","TRI","tana river",2025,0.801545633723588
"MCV1","TRI","tana river",2016,0.683897098944823
"MCV1","TRI","tana river",2017,0.623157790601553
"MCV1","TRI","tana river",2014,0.708999375224017
"MCV1","TRI","tana river",2015,0.687699037893
"MCV1","TRI","tana river",2026,0.811545633723588
"MCV1","TRI","tana river",2021,0.769190462710597
"MCV1","TRI","tana river",2018,0.723659320762537
"MCV1","TRI","tana river",2023,0.781545633723588
"MCV1","TRI","tana river",2022,0.782873455299456
"MCV1","TRI","tana river",2029,0.841545633723588
"MCV1","TNI","tharaka-nithi",2025,0.883478123550682
"MCV1","TNI","tharaka-nithi",2027,0.903478123550682
"MCV1","TNI","tharaka-nithi",2013,0.735944801762198
"MCV1","TNI","tharaka-nithi",2014,0.783318209852484
"MCV1","TNI","tharaka-nithi",2015,0.759800405605038
"MCV1","TNI","tharaka-nithi",2028,0.913478123550682
"MCV1","TNI","tharaka-nithi",2016,0.755585519914586
"MCV1","TNI","tharaka-nithi",2017,0.688452505205518
"MCV1","TNI","tharaka-nithi",2018,0.799513372254401
"MCV1","TNI","tharaka-nithi",2019,0.824577357213458
"MCV1","TNI","tharaka-nithi",2020,0.842029864737735
"MCV1","TNI","tharaka-nithi",2030,0.933478123550682
"MCV1","TNI","tharaka-nithi",2026,0.893478123550682
"MCV1","TNI","tharaka-nithi",2023,0.863478123550682
"MCV1","TNI","tharaka-nithi",2024,0.873478123550682
"MCV1","TNI","tharaka-nithi",2029,0.923478123550682
"MCV1","TNI","tharaka-nithi",2021,0.849824202896039
"MCV1","TNI","tharaka-nithi",2022,0.864929777862962
"MCV1","TZI","trans nzoia",2015,0.726930181347102
"MCV1","TZI","trans nzoia",2013,0.704088403794764
"MCV1","TZI","trans nzoia",2020,0.805570071174398
"MCV1","TZI","trans nzoia",2016,0.722870208818495
"MCV1","TZI","trans nzoia",2025,0.846101692607331
"MCV1","TZI","trans nzoia",2014,0.749403519670653
"MCV1","TZI","trans nzoia",2019,0.788912624096871
"MCV1","TZI","trans nzoia",2021,0.81302693013338
"MCV1","TZI","trans nzoia",2022,0.827493739810592
"MCV1","TZI","trans nzoia",2023,0.826101692607331
"MCV1","TZI","trans nzoia",2026,0.856101692607331
"MCV1","TZI","trans nzoia",2029,0.886101692607331
"MCV1","TZI","trans nzoia",2027,0.866101692607331
"MCV1","TZI","trans nzoia",2024,0.836101692607331
"MCV1","TZI","trans nzoia",2030,0.896101692607331
"MCV1","TZI","trans nzoia",2028,0.876101692607331
"MCV1","TZI","trans nzoia",2017,0.6585357503767
"MCV1","TZI","trans nzoia",2018,0.764897448110841
"MCV1","TRK","turkana",2013,0.645197019943663
"MCV1","TRK","turkana",2016,0.662417611739405
"MCV1","TRK","turkana",2017,0.603501751766793
"MCV1","TRK","turkana",2023,0.757005888543989
"MCV1","TRK","turkana",2027,0.797005888543989
"MCV1","TRK","turkana",2024,0.767005888543989
"MCV1","TRK","turkana",2018,0.700932584713984
"MCV1","TRK","turkana",2029,0.817005888543989
"MCV1","TRK","turkana",2028,0.807005888543989
"MCV1","TRK","turkana",2019,0.722945510669391
"MCV1","TRK","turkana",2026,0.787005888543989
"MCV1","TRK","turkana",2025,0.777005888543989
"MCV1","TRK","turkana",2021,0.745031200677196
"MCV1","TRK","turkana",2022,0.758295997181228
"MCV1","TRK","turkana",2015,0.666117498469754
"MCV1","TRK","turkana",2030,0.827005888543989
"MCV1","TRK","turkana",2020,0.738197981513139
"MCV1","TRK","turkana",2014,0.686733364267645
"MCV1","UAG","uasin gishu",2014,0.743509325355236
"MCV1","UAG","uasin gishu",2020,0.799233820768188
"MCV1","UAG","uasin gishu",2013,0.698552936098064
"MCV1","UAG","uasin gishu",2027,0.859607040705557
"MCV1","UAG","uasin gishu",2023,0.819607040705557
"MCV1","UAG","uasin gishu",2021,0.806632031021787
"MCV1","UAG","uasin gishu",2022,0.820986274129165
"MCV1","UAG","uasin gishu",2030,0.889607040705557
"MCV1","UAG","uasin gishu",2029,0.879607040705557
"MCV1","UAG","uasin gishu",2015,0.721219962501212
"MCV1","UAG","uasin gishu",2024,0.829607040705557
"MCV1","UAG","uasin gishu",2018,0.758881488224346
"MCV1","UAG","uasin gishu",2026,0.849607040705557
"MCV1","UAG","uasin gishu",2019,0.782706371202624
"MCV1","UAG","uasin gishu",2025,0.839607040705557
"MCV1","UAG","uasin gishu",2028,0.869607040705557
"MCV1","UAG","uasin gishu",2017,0.653352762873494
"MCV1","UAG","uasin gishu",2016,0.717184570910293
"MCV1","VGA","vihiga",2018,0.773431911459641
"MCV1","VGA","vihiga",2024,0.845310430567999
"MCV1","VGA","vihiga",2027,0.875310430567999
"MCV1","VGA","vihiga",2016,0.73093697841531
"MCV1","VGA","vihiga",2030,0.905310430567999
"MCV1","VGA","vihiga",2029,0.895310430567999
"MCV1","VGA","vihiga",2023,0.835310430567999
"MCV1","VGA","vihiga",2017,0.666028689150774
"MCV1","VGA","vihiga",2015,0.735017840505844
"MCV1","VGA","vihiga",2025,0.855310430567999
"MCV1","VGA","vihiga",2013,0.711937087193669
"MCV1","VGA","vihiga",2026,0.865310430567999
"MCV1","VGA","vihiga",2019,0.797694328798814
"MCV1","VGA","vihiga",2028,0.885310430567999
"MCV1","VGA","vihiga",2014,0.757765582874741
"MCV1","VGA","vihiga",2020,0.814559666280239
"MCV1","VGA","vihiga",2022,0.836718666594589
"MCV1","VGA","vihiga",2021,0.822099727823337
"MCV1","WJR","wajir",2021,0.750681526598983
"MCV1","WJR","wajir",2020,0.743796492177809
"MCV1","WJR","wajir",2029,0.822739510972558
"MCV1","WJR","wajir",2014,0.691940463571958
"MCV1","WJR","wajir",2030,0.832739510972558
"MCV1","WJR","wajir",2027,0.802739510972558
"MCV1","WJR","wajir",2013,0.650083825969529
"MCV1","WJR","wajir",2024,0.772739510972558
"MCV1","WJR","wajir",2025,0.782739510972558
"MCV1","WJR","wajir",2015,0.671150946321822
"MCV1","WJR","wajir",2016,0.667441465558536
"MCV1","WJR","wajir",2017,0.608177268721272
"MCV1","WJR","wajir",2018,0.706247419318229
"MCV1","WJR","wajir",2019,0.728401177638394
"MCV1","WJR","wajir",2028,0.812739510972558
"MCV1","WJR","wajir",2026,0.792739510972558
"MCV1","WJR","wajir",2022,0.764039130042818
"MCV1","WJR","wajir",2023,0.762739510972558
"MCV1","WPO","west pokot",2027,0.695981141099507
"MCV1","WPO","west pokot",2016,0.574025244401453
"MCV1","WPO","west pokot",2024,0.665981141099507
"MCV1","WPO","west pokot",2023,0.655981141099507
"MCV1","WPO","west pokot",2025,0.675981141099507
"MCV1","WPO","west pokot",2018,0.607404679387867
"MCV1","WPO","west pokot",2019,0.626487156938493
"MCV1","WPO","west pokot",2026,0.685981141099507
"MCV1","WPO","west pokot",2017,0.522971400728516
"MCV1","WPO","west pokot",2022,0.657119972144301
"MCV1","WPO","west pokot",2029,0.715981141099507
"MCV1","WPO","west pokot",2020,0.639688341220519
"MCV1","WPO","west pokot",2021,0.645609696512541
"MCV1","WPO","west pokot",2013,0.559092151348978
"MCV1","WPO","west pokot",2014,0.595098545963314
"MCV1","WPO","west pokot",2015,0.577211785173195
"MCV1","WPO","west pokot",2028,0.705981141099507
"MCV1","WPO","west pokot",2030,0.725981141099507
